1	가계부	家計簿
2	가구점	家具店
3	가까이	近く
4	가꾸다	栽培する
5	가난	貧乏
6	가늘다	細い
7	가능	可能
8	가능성	可能性
9	가능하다	可能だ
10	가득	いっぱい
11	가라앉다	沈む
12	가렵다	かゆい
13	가루비누	粉石鹸
14	가리다	選ぶ
15	가리키다	示す
16	가만히	じっと、おとなしく
17	가뭄	干ばつ、日照り
18	가사	家事
19	가상	仮想
20	가스	ガス
21	가습기	加湿器
22	가입	加入
23	가전제품	家電製品
24	가정	家庭
25	가족적	家族的
26	가축	家畜
27	가치	価値
28	각각	別々に、それぞれ
29	각자	各自
30	각종	各種
31	간격	間隔
32	간절히	切に
33	간접적	間接的
34	간판	看板
35	간호	看護
36	갈다	替える
37	갈등	葛藤
38	갈수록	ますます
39	갈아입다	着替える
40	감각	感覚
41	감기다	巻かれる
42	감독	監督
43	감동적	感動的
44	감상	鑑賞
45	감소	減少
46	감정	感情
47	감탄	感嘆、感歎
48	강물	川水
49	강변	川沿い、川辺
50	강사	講師
51	강수량	降水量
52	강연	講演
53	강우량	降雨量
54	강의	講義
55	강의실	講義室
56	강조	強調
57	강하다	強い
58	갖추다	整える、準備する
59	갚다	返す、報いる
60	개강	開講
61	개구리	カエル
62	개구쟁이	いたずらっ子、やんちゃ
63	개다	晴れる
64	개막식	開幕式、開会式
65	개발	開発
66	개방	開放
67	개방적	開放的
68	개선	改善
69	개성	個性
70	개성적	個性的
71	개인적	個人的
72	개최	開催
73	객관적	客観的
74	객실	客室
75	갸름하다	細長い
76	걔	その子
77	거래	取引
78	거미	蜘蛛
79	거북이	カメ
80	거스름돈	お釣り
81	거절	拒絶
82	거짓	嘘、偽り
83	거치다	こすれる
84	거품	泡
85	걱정거리	心配事
86	건강식	健康食
87	건강식품	健康食品
88	건너	向こう
89	건네다	手渡す、（声を）かける
90	건더기	具、カップ麺の加薬
91	건망증	健忘症、物忘れ
92	건설	建設
93	건전지	乾電池
94	건조	乾燥
95	건축	建築
96	건축가	建築家
97	걸레	雑巾
98	걸레질	雑巾がけ
99	걸음	歩み
100	검다	黒い
101	검사	検査
102	검색	検索
103	검색어	検索語、検索単語
104	겁	恐れ、怖さ
105	겉	表面、外面
106	겉모습	見かけ
107	게다가	その上、それに
108	게시판	掲示板
109	게으르다	怠ける、怠惰だ
110	게임기	ゲーム機
111	겨우	やっと、ようやく
112	격려	激励
113	겪다	経験する、経る
114	견디다	耐える
115	결과적	結果的
116	결국	結局
117	결론	結論
118	결말	結末
119	결석	欠席
120	결승전	決勝戦
121	결심	決心
122	결코	決して
123	결혼기념일	結婚記念日
124	결혼식장	結婚式場
125	겸손	謙遜
126	겹치다	重なる
127	경고	警告
128	경력	経歴
129	경비	警備
130	경비원	警備員
131	경영	経営
132	경영자	経営者
133	경영학	経営学
134	경우	場合
135	경쟁	競争
136	경쟁력	競争力
137	경제	経済
138	경제력	経済力
139	경제적	経済的
140	경제학	経済学
141	계산	計算、会計
142	계산대	レジ
143	계산서	計算書
144	계약	契約
145	계약금	契約金
146	계약서	契約書
147	계좌	口座
148	계층	階層
149	계획성	計画性
150	계획적	計画的
151	고개	頭、峠
152	고객	顧客
153	고구마	さつまいも
154	고궁	昔の韓国の宮殿
155	고급	高級
156	고래	クジラ
157	고마움	ありがたみ
158	고무신	ゴム靴
159	고무줄	輪ゴム
160	고민	悩み
161	고백	告白
162	고생	苦労
163	고소하다	香ばしい
164	고속	高速
165	고속도로	高速道路
166	고아원	孤児院
167	고유하다	固有である
168	고지서	告知書
169	고집	固執
170	고춧가루	唐辛子粉
171	고층	高層
172	고통	苦痛
173	곤란	困難
174	골고루	均等に
175	골목길	路地
176	골치가 아프다	非常に面倒だ
177	곰	クマ
178	곱슬머리	くせ毛、天然パーマ
179	곳곳	あちこち、至るところ
180	공공요금	公共料金
181	공공장소	公共の場所
182	공동	共同
183	공동생활	共同生活
184	공사	工事
185	공손하다	礼儀正しい
186	공연장	公演会場
187	공장	工場
188	공주	お姫様
189	공통	共通
190	공통점	共通点
191	공포	恐怖
192	공해	公害
193	과로	過労
194	과목	科目
195	과소비	浪費
196	과속	スピード違反、
197	과식	食べ過ぎ
198	과연	果たして
199	과외	家庭教師レッスン
200	과음	飲み過ぎ
201	과장	課長
202	과장하다	誇張する
203	과정	過程
204	과제	課題
205	과학자	科学者
206	과학적	科学的
207	관객	観客
208	관계없다	関係ない
209	관계자	関係者
210	관광	観光
211	관광객	観光客
212	관광지	観光地
213	관람	観覧
214	관람객	観覧客
215	관련	関連
216	관련성	関連性
217	관리	管理
218	관리실	管理室
219	관용어	慣用句
220	관찰	観察
221	광장	広場
222	괜히	訳もなく
223	괴로움	辛さ
224	괴로워하다	煩う(わずら)
225	괴롭다	辛い
226	괴롭히다	苦しめる、いじめる
227	굉장하다	凄い
228	굉장히	ものすごく
229	교사	教師
230	교외	郊外
231	교육	教育
232	교육자	教育者
233	교육학	教育学
234	교재	教材
235	교통수단	交通手段
236	교통편	交通手段
237	교포	同胞
238	교환	交換
239	구두쇠	ケチ
240	구르다	転がる
241	구매	購買
242	구멍	穴
243	구별	区別
244	구분	区分
245	구성	構成
246	구이	焼き物
247	구인	求人
248	구입	購入
249	구조	構造
250	구조대	救助隊
251	구체적	具体的
252	국가	国家
253	국그릇	汁椀
254	국내선	国内線
255	국문학	国文学
256	국물	汁、スープ
257	국민	国民
258	국악	伝統音楽
259	국외	国外
260	국제결혼	国際結婚
261	국제선	国際線
262	국화	菊
263	군대	軍隊
264	군데	所
265	굵다	太い
266	궁금증	気がかり
267	궁금하다	気になる
268	권하다	すすめる
269	귀걸이	イヤリング
270	귀국	帰国
271	귀신	幽霊、お化け
272	귀중하다	貴重だ
273	귀찮다	面倒くさい
274	귀하다	尊い、高貴だ、立派だ
275	규칙적	規則的
276	그네	ブランコ
277	그녀	彼女
278	그늘	日陰
279	그대로	そのまま
280	그래도	それでも
281	그래야	そうしてこそ
282	그래프	グラフ
283	그러니	だから
284	그러다가	そうこうするうちに
285	그러므로	それゆえ
286	그러자	すると
287	그러하다	そのようだ
288	그루	～株、～本
289	그룹	グループ
290	그리	それほど
291	그리워하다	なつかしがる
292	그리하여	そうして
293	그림책	絵本
294	그립다	懐かしい、恋しい
295	그만두다	やめる
296	그만큼	それくらい
297	그저	ただ
298	근데	ところで
299	근로자	勤労者
300	근무	勤務
301	근육	筋肉
302	글쎄	まあ
303	글쓴이	著者
304	글씨	文字
305	글자	文字
306	긁다	掻く(かく）、ひっかく
307	금	金
308	금메달	金メダル
309	금액	金額
310	금지	禁止
311	급히	急に
312	긍정적	肯定的、前向き
313	기계	機械
314	기념	記念
315	기념관	記念館
316	기념일	記念日
317	기념품	記念品
318	기능	機能
319	기다	這う
320	기대	期待
321	기도	祈祷
322	기둥	柱
323	기록	記録
324	기본	基本
325	기본적	基本的
326	기부	寄付
327	기쁨	喜び
328	기술	技術
329	기술자	技術者
330	기억	記憶
331	기억나다	思い出す
332	기억력	記憶力
333	기업	企業
334	기업인	起業家
335	기운	元気、気運
336	기울이다	傾ける
337	기준	基準
338	기차역	駅
339	기차표	列車のチケット
340	기초	基礎
341	기행문	紀行文
342	기호	記号
343	기혼	既婚
344	기회	機会、チャンス
345	기후	気候
346	긴장감	緊張感
347	길가	道端
348	길거리	通り、路上
349	길이	長さ
350	김장	冬にキムチを漬け込む行事
351	깊다	深い
352	깊이	深さ、深く
353	까다	皮をむく
354	까다롭다	気難しい
355	깔다	敷く
356	깜빡	うっかり
357	깨끗이	きれいに
358	깨닫다	悟る
359	깨뜨리다	割る
360	깨소금	ゴマ塩
361	깨우다	起こす
362	깻잎	エゴマの葉
363	꺼지다	消える
364	껍질	皮
365	꼬리	しっぽ
366	꼬박꼬박	欠かさずきちんと
367	꼭대기	てっぺん、頂上
368	꼴찌	びり、最下位
369	꼼꼼하다	几帳面だ
370	꼼꼼히	几帳面に
371	꽃병	花瓶
372	꽤	かなり、なかなか
373	꾸미다	飾る
374	꾸준히	着実に
375	꾸짖다	叱る
376	꿀	はちみつ
377	꿀벌	ミツバチ
378	꿈꾸다	夢見る
379	끈	紐
380	끊다	切る
381	끊어지다	切れる
382	끊임없다	絶え間無い
383	끌다	引く
384	끝내	最後まで、ついに
385	끼어들다	割り込む
386	나날이	日に日に
387	나들이	おでかけ
388	나름	次第
389	나머지	残り、余り
390	나물	ナムル
391	나뭇잎	葉
392	나서다	進み出る、関与する
393	나아가다	進む
394	나아지다	よくなる
395	나타내다	現す
396	낙서	落書き
397	낙엽	落ち葉
398	난로	ストーブ、暖炉
399	난방	暖房
400	날개	翼、羽
401	날다	飛ぶ
402	날로	日ごとに
403	날리다	飛ばす
404	날씬하다	やせている
405	날아가다	飛ぶ
406	날아다니다	飛び回る
407	날아오다	飛んでくる
408	날아오르다	飛び立つ
409	낡다	古い
410	남녀노소	老若男女
411	남녀평등	男女平等
412	남다	残る、余る
413	남부	南部
414	남성	男性
415	남성복	男性服
416	낫다	治る
417	낭비	浪費、無駄遣い
418	낯설다	見慣れない
419	낳다	産む
420	내내	ずっと
421	내려다보다	見下ろす
422	내복	下着
423	내부	内部
424	내성적	内気な
425	내용물	中身、内容物
426	내쫓다	追い出す
427	냇가	小川
428	냉방병	冷房病
429	너그럽다	寛大だ、度量が大きい
430	너무나	あまりにも
431	넉넉하다	十分だ、豊かだ
432	널다	干す、風に当てる
433	넓히다	広げる、広くする
434	넘기다	渡す
435	넘어가다	移る
436	넘치다	あふれる
437	네모나다	四角い
438	네트워크	ネットワーク
439	년대	年代
440	노동	労働
441	노동자	労働者
442	노력	努力
443	노선	路線
444	노약자	お年寄り、体の不自由な方
445	노인	老人
446	노처녀	未婚で年をとった女性
447	노총각	未婚で年を取った男性
448	노트북	ノート型パソコン
449	녹다	溶ける
450	녹음	録音
451	녹음기	録音機
452	논문	論文
453	놀랍다	驚くべきだ、目覚ましい
454	놀리다	からかう
455	놀이	遊び
456	놀이터	公園、広場
457	놈	奴
458	농담	冗談
459	농민	農民、農夫
460	농부	農夫
461	농사	農業
462	농약	農薬
463	농작물	農作物
464	농촌	農村
465	높이	高さ
466	높이다	高める
467	높임말	敬語
468	놓이다	置かれる
469	놓치다	逃す、失う
470	눈길	視線
471	눈높이	目の高さ
472	눈병	眼病
473	눈보라	吹雪
474	눈사태	雪崩
475	눈썹	眉
476	눈치	気転、顔つき
477	눌러쓰다	深々とかぶる
478	느긋하다	のんびりしている、ゆったりしている
479	느끼하다	脂っこい
480	늘리다	増やす
481	늘어나다	伸びる、長くなる、増える
482	늘어서다	並ぶ
483	늙다	老いる
484	늦추다	遅らせる
485	다가오다	近づいてくる、接近する
486	다녀가다	寄っていく
487	다람쥐	リス
488	다루다	扱う
489	다림질	アイロンかけ
490	다수	多数
491	다양하다	多様だ
492	다음날	翌日
493	다정하다	思いやりがある、情深い、やさしい
494	다투다	もめる、言い争う
495	다행	幸い
496	다행히	幸い、運よく
497	단계	段階
498	단골	常連
499	단기간	短期間
500	단단하다	丈夫だ、しっかりしている
501	단발머리	おかっぱ
502	단백질	タンパク質
503	단속	取り締まり
504	단순하다	単純である
505	단순히	単純に
506	단위	単位
507	단정하다	断定する、端正だ
508	단체	団体
509	단풍	紅葉、もみじ
510	달라지다	変わる
511	달려가다	走る
512	달려오다	走ってくる
513	달리	他に、別に
514	달리기	ランニング
515	달밤	月夜
516	달아나다	逃げる
517	달콤하다	甘ったるい
518	닭갈비	タッカルビ
519	담	垣根
520	담기다	入れられる、盛られる
521	담다	盛る
522	담당	担当
523	담당자	担当者
524	담백하다	淡白だ
525	담뱃불	たばこの火
526	담임	担任
527	답	答え、返事
528	답글	返信
529	답답하다	はがゆい、重苦しい
530	답변	答弁
531	당기다	引く、引っ張る
532	당분간	当分の間
533	당연하다	当然である
534	당연히	当然
535	당장	即刻、今のところ
536	당하다	やられる
537	당황하다	慌てる
538	대개	大概、大抵
539	대기업	大企業
540	대다	当てる、触れる
541	대단하다	すごい、大したものだ
542	대단히	非常に
543	대도시	大都市
544	대량	大量
545	대리	代理
546	대문	門
547	대신	代わり
548	대여	貸与、レンタル
549	대여료	レンタル料
550	대접	もてなし、接待
551	대중	大衆
552	대중교통	公共交通機関
553	대중목욕탕	銭湯
554	대책	対策
555	대청소	大掃除
556	대체로	大体
557	대출	貸し付け、貸し出し
558	대통령	大統領
559	대표	代表
560	대표적	代表的
561	대형	大型
562	댄스	ダンス
563	더구나	その上、しかも、さらに
564	더러워지다	汚れる
565	더욱	もっと、よりいっそう
566	더위	暑さ
567	더하다	ひどくなる、加える
568	덕	おかげ
569	던지다	投げる
570	덜	より少なく、まだ～ない
571	덜다	減らす
572	데다	やけどする
573	데려오다	連れてくる
574	데치다	ゆでる、さっとゆでる
575	도구	道具
576	도난	盗難
577	도대체	一体全体
578	도둑	泥棒
579	도망가다	逃げる
580	도서	図書
581	도시락	弁当
582	도장	印鑑、実印
583	도전	挑戦
584	도중	途中
585	독	毒
586	독감	インフルエンザ、ひどい風邪
587	독립	独立
588	독방	独房
589	독신자	独身者
590	독특하다	独特だ
591	돌	石
592	돌다	回る
593	돌려받다	返してもらう
594	돌려보내다	返す、帰らせる
595	돌려주다	返す
596	돌리다	回す
597	돌보다	面倒をみる、世話をする
598	돌솥	石鍋
599	돌아다니다	歩き回る
600	돌아보다	振り向いて見る
601	돌아서다	振り返る
602	돌잔치	一歳の誕生日
603	동굴	洞窟
604	동료	同僚
605	동물원	動物園
606	동부	東部
607	동서양	東洋と西洋
608	동시	同時
609	동양화	東洋画
610	동영상	動画
611	동일하다	同じである
612	동작	動作
613	동창	同窓
614	동창회	同窓会
615	동해안	東海岸
616	동호회	同好会
617	동화	童話
618	동화책	児童書
619	되도록	できるだけ
620	되돌리다	取り戻す
621	되돌아보다	振り返る
622	되살아나다	生き返る、蘇る
623	두려움	恐れ
624	두려워하다	恐れる
625	두세	二・三
626	두통	頭痛
627	두통약	頭痛薬
628	둔하다	鈍い
629	둘러보다	見回す
630	둥글다	丸い
631	뒤떨어지다	劣る、遅れる
632	뒤집다	裏返す
633	뒤풀이	打ち上げ
634	뒷모습	後ろ姿
635	뒷문	裏門
636	뒷이야기	裏話
637	뒷자리	後ろの席
638	드디어	いよいよ、ついに
639	드라이	ドライ
640	드림	ドリーム
641	드물다	まれだ
642	든든하다	心強い、頼もしい、しっかりしている
643	들려주다	聞かせてくれる
644	들르다	立ち寄る
645	들리다	聞こえる
646	들어보다	聞いてみる
647	들어주다	聞いてくれる
648	들이다	かける、費やす
649	등록	登録
650	등록금	登録金、授業料
651	등록증	登録証
652	등불	明かり、灯火
653	디스크	ディスク、ヘルニア
654	디자이너	デザイナー
655	디지털	デジタル
656	따다	もぎとる、摘む、得る
657	따라다니다	ついていく、つきまとう
658	따라서	従って
659	따로따로	別々、それぞれ
660	따지다	問い詰める
661	딱	ピッタリ
662	딱딱하다	固い
663	딴	べつの、他の
664	땅	土地
665	땅콩	ピーナッツ
666	때때로	時折
667	때로	時々
668	떠오르다	浮かぶ
669	떨다	震える、震わす
670	떨리다	震える、揺れる
671	떨어뜨리다	落とす、下落させる
672	떼다	取る、離す
673	또박또박	きちんと、はきはき、
674	또한	また
675	똑같이	同じく
676	똑똑하다	利口だ、賢い、頭いい
677	뚜렷하다	はっきりしている
678	뚫다	穴を開ける
679	뚱뚱하다	太っている
680	뛰어가다	走る
681	뛰어나다	優れている
682	뛰어내리다	飛び降りる
683	뛰어넘다	飛び越える
684	뛰어다니다	走りまわる
685	뛰어오다	走ってくる
686	뛰쳐나가다	飛び出す
687	뜨거워지다	熱くなる
688	뜻밖에	意外に
689	띠	干支
690	램프	ランプ
691	레몬	レモン
692	레포츠	レジャースポーツ
693	렌즈	レンズ
694	렌터카	レンタカー
695	로또	ロット、宝くじ
696	로봇	ロボット
697	로비	ロビー
698	룸메이트	ルームメイト
699	리듬	リズム
700	리모컨	リモコン
701	마감일	締め切り日
702	마네킹	マネキン
703	마당	庭
704	마디	節
705	마라톤	マラソン
706	마련하다	設ける
707	마루	板の間
708	마무리	仕上げ
709	마술	手品
710	마스크	マスク
711	마약	麻薬
712	마을	村
713	마음껏	心おきなく、思いっきり
714	마음대로	自分勝手に、思い通りに
715	마음먹다	決心する
716	마음씨	心、気立て
717	마주보다	向き合う
718	마주치다	ぶつかる、目が合う
719	마중	出迎え
720	마찬가지	同様
721	마치	まるで、あたかも、ちょうど
722	마침	ちょうど、たまたま
723	마침내	遂に
724	마케팅	マーケティング
725	마트	マート
726	막	めちゃくちゃに、やたらに
727	막내	末っ子
728	막다	ふさぐ、さえぎる
729	막대기	棒
730	막차	終電
731	만남	出会い
732	만년필	万年筆
733	만약	もしも、万が一
734	만족	満足
735	만족감	満足感
736	만화책	漫画
737	맏딸	長女
738	맏아들	長男
739	말다툼	口喧嘩、口論
740	말리다	引き止める、乾かす
741	말투	話し方、言葉使い
742	맛보다	味見する
743	망가뜨리다	壊す、ダメにする
744	망가지다	壊れる、駄目になる
745	망설이다	ためらう、躊躇する
746	망하다	滅ぶ
747	맞벌이	共稼ぎ
748	맞이	迎え
749	맞추다	合わせる、仕立てる
750	맡기다	任せる
751	맡다	引き受ける
752	매년	毎年
753	매달	毎月
754	매력	魅力
755	매력적	魅力的
756	매연	煤煙
757	매운탕	メウンタン、魚のアラ鍋
758	매점	売店
759	매진	売り切れ
760	매체	媒体
761	매콤하다	やや辛い、ピリ辛い
762	매표소	チケット売り場
763	맨발	素足
764	맨손	素手
765	맹인	盲人
766	맺다	結ぶ
767	머리카락	髪、髪の毛
768	머무르다	とどまる
769	머지않다	遠くない
770	먹을거리	食べ物
771	먹이	えさ
772	먹이다	食べさせる
773	먼지	ちり、ほこり
774	멀리	遠く
775	멀티미디어실	マルチメディア室
776	멈추다	止まる
777	멋지다	素敵だ
778	멍	あざ
779	메일	メール
780	멜로디	メロディー
781	멜론	メロン
782	며느리	嫁
783	면	面、麺
784	면세점	免税店
785	면접	面接
786	면접관	面接官
787	면접시험	面接試験
788	면허증	免許証
789	명랑	明朗
790	명랑하다	朗らかだ、明るい
791	명사	名詞
792	명소	名所
793	명품	ブランド品、名品
794	몇몇	いくつかの、若干
795	모국어	母国語
796	모기	蚊
797	모델	モデル
798	모래	砂
799	모범생	模範生
800	모습	姿
801	모음	母音
802	모자라다	足りない
803	모집	募集
804	모험심	冒険心
805	모형	模型
806	목마르다	喉が渇く
807	목사	牧師
808	목숨	命
809	목욕탕	銭湯
810	목적지	目的地
811	목표	目標
812	몰라보다	わからない、見違える
813	몰래	こっそり
814	몰려들다	押し寄せる
815	몰리다	寄り集まる
816	몸무게	体重
817	몸짓	身振り、ジェスチャー
818	몹시	とても、たいへん、ひどく
819	못생기다	ぶさいくだ、醜い
820	무게	重さ
821	무관심	無関心
822	무너지다	崩れる
823	무늬	柄、模様
824	무대	舞台、ステージ
825	무더위	蒸し暑さ
826	무덤	墓
827	무덥다	蒸し暑い
828	무렵	頃
829	무사히	無事に
830	무서워하다	怖がる
831	무선	無線
832	무소식	便りのないこと
833	무시	無視
834	무인	無人
835	무조건	無条件
836	무지개	虹
837	무통장 입금	電子振込、ATM入金
838	묵다	泊まる
839	묶다	束ねる、縛る
840	문구	文具、文房具
841	문명	文明
842	문법	文法
843	문병	お見舞い
844	문서	文書
845	문의	問い合わせ
846	문자	文字、SMS、ショートメッセージ
847	문제점	問題点
848	문학	文学
849	문화생활	文化的な生活
850	문화유산	文化遺産
851	문화적	文化的
852	묻히다	つける、まぶす
853	물가	物価
854	물고기	魚
855	물냉면	水冷麺
856	물다	咬む、口にくわえる
857	물러서다	後退する
858	물려주다	譲る、譲り渡す
859	물리다	飽きる、噛まれる
860	물방울	水玉
861	물약	飲み薬、水薬
862	물음	問い
863	물질	物質
864	물품	物品
865	뮤지컬	ミュージカル
866	미끄러지다	滑る
867	미끄럽다	つるつるしている、滑りやすい
868	미루다	延ばす
869	미소	微笑み
870	미역	ワカメ
871	미역국	ワカメスープ
872	미용사	美容師
873	미인	美人
874	미치다	及ぶ、及ぼす
875	미팅	合コン
876	미혼	未婚
877	민박	民宿、民泊
878	민속	民俗
879	민속놀이	民俗遊び
880	민요	民謡
881	민족	民族
882	믿다	信じる
883	믿음	信頼、信仰
884	믿음직스럽다	頼もしい、信頼できる
885	믿음직하다	頼もしい
886	밀다	押す
887	밀려오다	押し寄せてくる
888	밀리미터	ミリメートル
889	밉다	憎い、醜い
890	및	および
891	밑줄	下線
892	바가지	ひょうたん
893	바구니	かご
894	바깥	外、屋外、表
895	바느질	針仕事
896	바늘	針
897	바닥	底、床
898	바닥나다	底をつく
899	바닷물	海水
900	바둑	囲碁
901	바라보다	見渡す、眺める
902	바보	馬鹿
903	바위	岩
904	바이러스	ウイルス
905	바퀴	車輪
906	바탕	基礎、土台、素地
907	박사	博士
908	박스	ボックス
909	반가워하다	懐かしがる
910	반납	返却
911	반납일	返却日
912	반대	反対
913	반대말	反 対語
914	반대쪽	反対側
915	반드시	必ず
916	반말	タメ口
917	반복	反復、リピート
918	반성	反省
919	반응	反応
920	반짝반짝	ぴかぴか
921	반짝이다	きらめく、輝く
922	반품	返品
923	반하다	惚れる
924	받아들이다	受け入れる
925	발걸음	足どり
926	발견	発見
927	발급	発給
928	발달	発達
929	발레	バレエ
930	발명	発明
931	발목	足首
932	발생	発生
933	발자국	足跡
934	발표자	発表者
935	발표회	発表会
936	밝히다	明らかにする
937	밟다	踏む
938	밤새	夜の間
939	밤새우다	徹夜する
940	밥그릇	ご飯茶碗
941	밥맛	ご飯の味、食欲
942	밥상	お膳
943	방금	たった今
944	방문	訪問
945	방송사	放送会社、放送社
946	방식	方式
947	방청객	傍聴人
948	방해	妨害、じゃま
949	방향	方向
950	밭	畑
951	배경	背景
952	배꼽	へそ
953	배낭	リュックサック
954	배낭여행	バックパック旅行
955	배려	配慮
956	배우자	配偶者
957	배추	白菜
958	배터리	バッテリー
959	뱀	蛇
960	뱉다	吐きだす
961	버릇	癖、礼儀作法
962	버릇없다	行儀が悪い、わがままだ
963	버섯	きのこ
964	버튼	ボタン
965	번역	翻訳
966	번호표	番号表
967	벌금	罰金
968	벌리다	あける、広げる
969	벌집	蜂の巣
970	범위	範囲
971	범인	犯人
972	범죄	犯罪
973	법	法律、法
974	법원	裁判所
975	벗기다	脱がせる、取れる
976	벗어나다	抜け出す、それる
977	베개	枕
978	벨	ベル
979	벨트	ベルト
980	벼	稲
981	벼락	雷
982	벼룩시장	フリーマーケット
983	벽걸이	壁掛け
984	벽돌	煉瓦
985	변경	変更
986	변기	トイレ
987	변명	弁明、言い訳
988	변비	便秘
989	변하다	変わる
990	변화	変化
991	별명	ニックネーム、あだ名、別名
992	별일	変わったこと、別ごと
993	병문안	お見舞い
994	보고	報告
995	보고서	レポート、報告書
996	보고회	報告会
997	보관	保管
998	보관실	保管室
999	보기	見本、例
1000	보너스	ボーナス
1001	보람	やりがい、甲斐
1002	보름	陰暦の十五日
1003	보름달	満月、十五夜の月
1004	보물	宝物
1005	보살피다	面倒を見る
1006	보약	強壮剤、補薬
1007	보증금	保証金、敷金
1008	보충	補充
1009	보험	保険
1010	보험금	保険金
1011	보험료	保険料
1012	보호	保護
1013	복	福
1014	복권	宝くじ
1015	복날	ポンナル、滋養食を食べる日
1016	복도	廊下
1017	복사	複写、コピー
1018	복사기	コピー機
1019	복습	復習
1020	복통	腹痛
1021	본론	本論
1022	본문	本文
1023	볼거리	見どころ
1024	볼륨	ボリューム
1025	볼링	ボーリング
1026	볼링장	ボーリング場
1027	볼일	用事
1028	봉사	ボランティア、奉仕
1029	봉사자	奉仕者
1030	부끄러워하다	恥ずかしがる
1031	부끄럽다	恥ずかしい
1032	부담	負担、負い目
1033	부딪치다	ぶつかる
1034	부딪히다	ぶつかる、直面する
1035	부러워하다	うらやむ
1036	부러지다	折れる
1037	부럽다	うらやましい
1038	부분	部分
1039	부사	副詞
1040	부상	負傷、けが
1041	부상자	負傷者
1042	부서	部署
1043	부서지다	壊れる
1044	부자	金持ち
1045	부작용	副作用
1046	부잣집	金持ちの家
1047	부정적	否定的
1048	부족	不足
1049	부주의	不注意
1050	부지런히	熱心に
1051	부채	うちわ、扇子
1052	부케	ブーケ
1053	부피	大きさ
1054	분량	分量
1055	분리	分離
1056	분리수거	分別収集
1057	분명하다	明らかだ、はっきりしている
1058	분명히	明確に
1059	분실	紛失
1060	분실물	忘れ物
1061	분홍색	ピンク色
1062	불가능	不可能
1063	불가능하다	不可能である
1064	불경기	不景気
1065	불교	仏教
1066	불규칙	不規則
1067	불꽃놀이	花火遊び、花火見物
1068	불량	不良
1069	불만	不満
1070	불면증	不眠症
1071	불법	不法、違法
1072	불빛	炎、あかり
1073	불쌍하다	哀れだ
1074	불안	不安
1075	불안감	不安感
1076	불어나다	増える、増す
1077	불친절	不親切
1078	불태우다	燃やす
1079	불편	不便
1080	불평	不平
1081	불필요	不要、不必要
1082	불행	不幸
1083	붉다	赤い
1084	붐비다	込み合う
1085	붕어빵	たい焼き
1086	붙잡다	捕まえる
1087	붙잡히다	捕まる
1088	뷔페	ビュッフェ
1089	브랜드	ブランド
1090	브레이크	ブレーキ
1091	블라인드	ブラインド
1092	블로그	ブログ
1093	비교	比較
1094	비교적	比較的
1095	비닐	ビニール
1096	비다	空いている
1097	비디오카메라	ビデオカメラ
1098	비록	たとえ～でも
1099	비만	肥満
1100	비바람	雨風
1101	비비다	こする、揉む、混ぜる
1102	비빔냉면	ビビン冷麺
1103	비상약	常備薬、非常用の薬
1104	비용	費用
1105	비우다	空にする、空ける
1106	비자	ビザ
1107	비추다	照らす
1108	비타민	ビタミン
1109	비하다	比べる
1110	빗길	雨の道
1111	빚	借金
1112	빛	光
1113	빠뜨리다	落とす
1114	빠지다	落ちる、抜ける
1115	빠짐없이	もれなく、抜かりなく
1116	빨개지다	赤くなる
1117	빼앗기다	奪われる
1118	빼앗다	奪う
1119	뺨	頬
1120	뻔하다	確かだ、自明だ
1121	뻗다	伸びる
1122	뽑다	抜く、選ぶ
1123	뿌리	根
1124	뿌리다	振りまく
1125	사건	事件
1126	사고방식	考え方
1127	사교적	社交的
1128	사귀다	付き合う、交わる
1129	사라지다	消える
1130	사로잡다	捕える
1131	사막	砂漠
1132	사망	死亡
1133	사망자	死亡者、死者
1134	사모님	奥様
1135	사무소	事務所
1136	사생활	私生活、プライベート
1137	사슴	鹿
1138	사실	事実
1139	사업	事業
1140	사용료	使用料
1141	사용법	使用法
1142	사우나	サウナ
1143	사은품	景品、おまけ
1144	사이버	サイバー
1145	사이좋다	仲が良い
1146	사이트	サイト
1147	사정	事情
1148	사진관	写真館
1149	사진첩	写真アルバム
1150	사춘기	思春期
1151	사투리	訛り、方言
1152	사표	辞表
1153	사회	社会
1154	사회생활	社会生活
1155	사회자	司会者
1156	사회적	社会的
1157	산꼭대기	山頂
1158	산더미	山積み、山盛り
1159	산부인과	産婦人科
1160	산불	山火事
1161	산업	産業
1162	산책로	散策路
1163	살리다	生かす
1164	살림	暮らし
1165	살아가다	生きていく
1166	살아나다	助かる
1167	살아남다	生き延びる
1168	살아오다	生きてくる
1169	살인	殺人
1170	살짝	こっそり、そっと、静かに
1171	살찌다	太る、肉が付く
1172	살펴보다	探る、観察する、注意してみる
1173	살피다	調べる、探る
1174	삶	暮し、人生、生
1175	삶다	ゆでる
1176	삼겹살	サムギョプサル
1177	삼일절	3.1節
1178	삼키다	飲み込む
1179	상	相
1180	상가	商店街
1181	상관없다	気にしない
1182	상관없이	関係なく
1183	상금	賞金
1184	상담	相談
1185	상담실	相談室
1186	상담원	エージェント、相談員
1187	상담자	相談者
1188	상당히	かなり
1189	상대	相手
1190	상대방	相手
1191	상대편	相手方
1192	상상	想像
1193	상상력	想像力
1194	상승	上昇
1195	상식	常識
1196	상업	商業
1197	상업적	商業的
1198	상인	商人
1199	상점	商店
1200	상징	象徴
1201	상쾌하다	さわやかだ、爽快だ
1202	상태	状態
1203	상표	商標、ラベル
1204	상품권	商品券
1205	상하다	傷む、（食べ物などが）腐る
1206	상황	状況
1207	새다	夜が明ける、夜明かしをする
1208	새롭다	新しい
1209	새어머니	継母
1210	새우다	夜を明かす
1211	새치기	割り込み
1212	새해	新年
1213	색다르다	風変りだ
1214	색상	色相
1215	생각나다	思い出す
1216	생강차	生姜茶
1217	생겨나다	生じる
1218	생김새	見かけ
1219	생략	省略
1220	생머리	ストレート
1221	생명	命
1222	생산	生産
1223	생생하다	新鮮だ、生々しい
1224	생중계	生放送
1225	생필품	生活必需品
1226	생활비	生活費
1227	생활수준	生活水準
1228	서너	三・四
1229	서두르다	急ぐ、焦る
1230	서랍	引き出し
1231	서론	序論
1232	서명	署名
1233	서부	西部
1234	서빙	サービング
1235	서서히	徐々に
1236	서운하다	名残惜しい
1237	서투르다	下手だ
1238	석사	修士
1239	석식	夕食
1240	석유	石油
1241	석탄	石炭
1242	섞다	混ぜる
1243	선	線
1244	선글라스	サングラス
1245	선선하다	涼しい
1246	선진국	先進国
1247	선착순	先着順
1248	설	説
1249	설득	説得
1250	설마	まさか
1251	설명서	マニュアル、説明書
1252	설문조사	アンケート
1253	설문지	アンケート
1254	설사	例え、下痢
1255	섭섭하다	名残惜しい、寂しい
1256	성공	成功
1257	성능	性能
1258	성당	聖堂
1259	성명	声明
1260	성별	性別
1261	성실	誠実
1262	성인	成人
1263	성인병	成人病
1264	성적	成績
1265	성적표	成績表
1266	성형	整形
1267	세계적	世界的
1268	세금	税金
1269	세기	世紀
1270	세다	数える
1271	세대	世代
1272	세련	洗練
1273	세면대	洗面台
1274	세면도구	洗面道具
1275	세미나	セミナー
1276	세배	トリプル、3倍
1277	세뱃돈	お年玉
1278	세상	世界
1279	세월	歳月
1280	세제	洗剤
1281	세탁물	洗濯物
1282	셔츠	シャツ
1283	셔틀버스	シャトルバス
1284	소감	所感、感想
1285	소개팅	合コン
1286	소규모	小規模
1287	소극장	小劇場
1288	소극적	消極的
1289	소나기	夕立
1290	소년	少年
1291	소득	所得
1292	소망	希望
1293	소매	袖
1294	소매치기	すり
1295	소문	うわさ、評判
1296	소방관	消防官
1297	소방서	消防署
1298	소방차	消防車
1299	소비	消費
1300	소비자	消費者
1301	소설책	小説
1302	소수	少数
1303	소스	ソース
1304	소심하다	小心である
1305	소용	使い道
1306	소용없다	無駄だ、役に立たない
1307	소원	念願、願い
1308	소음	騒音
1309	소주	焼酎
1310	소중하다	大事だ
1311	소중히	大切に
1312	소화	消化
1313	속다	だまされる
1314	속담	ことわざ
1315	속도	速度
1316	속도위반	速度違反
1317	속력	スピード、速力
1318	속상하다	しゃくにさわる、気に障る
1319	속옷	下着
1320	속이다	あざむく、だます
1321	손바닥	手のひら
1322	손발	手足
1323	손쉽다	たやすい
1324	손자	男の孫
1325	손잡이	手すり、取っ手
1326	손질	手入れ
1327	솔직하다	率直である
1328	솔직히	率直に言って
1329	솜씨	手並み、手際
1330	송금	送金
1331	쇠	鉄、金物、錠
1332	쇠고기	牛肉
1333	쇼	ショー
1334	쇼핑몰	ショッピングモール
1335	쇼핑백	ショッピングバッグ
1336	쇼핑센터	ショッピングセンター
1337	수거	回収
1338	수고	苦労
1339	수단	手段
1340	수도꼭지	水道の蛇口
1341	수량	数量
1342	수료식	修了式
1343	수리	受理、修理
1344	수리비	修理費
1345	수면	睡眠
1346	수면제	睡眠薬
1347	수명	寿命
1348	수산물	水産物
1349	수상	首相
1350	수선	修繕
1351	수선하다	修理する、修繕する
1352	수수료	手数料
1353	수입	収入、輸入
1354	수정	修正、水晶
1355	수준	レベル
1356	수집	収集、コレクション
1357	수출	輸出
1358	수표	小切手
1359	수학여행	修学旅行
1360	숙녀복	婦人服
1361	숙박	宿泊
1362	숙박비	宿泊費
1363	숙소	宿
1364	숙이다	下げる、うなだれる
1365	순간	瞬間
1366	순두부찌개	スンドゥブチゲ
1367	술자리	飲み会
1368	술잔	盃
1369	술집	バー
1370	숨기다	隠す
1371	숨다	隠れる
1372	숫자	数字
1373	숲	森、林
1374	스님	お坊さん
1375	스스로	自ら、自分で、自然と
1376	스캐너	スキャナー
1377	스타일	スタイル
1378	스티커	シール、ステッカー
1379	스프	スープ
1380	스피커	スピーカー
1381	슬리퍼	スリッパ
1382	슬픔	悲しみ
1383	습기	湿気
1384	습도	湿度
1385	승강기	エレベーター
1386	승객	乗客
1387	승리	勝利
1388	승용차	乗用車
1389	승진	昇進
1390	승차	乗車
1391	시각	視覚
1392	시대	時代
1393	시도	試み
1394	시력	視力
1395	시리다	ひりひりする、しびれるほど冷たい
1396	시부모님	義理の両親
1397	시스템	システム
1398	시아버지	舅、夫の父
1399	시어머니	姑、夫の母
1400	시외버스	市外バス
1401	시인	詩人
1402	시집	詩集、嫁入り先
1403	시집가다	嫁に行く、（女性が）結婚する
1404	시청각실	視聴覚室
1405	시청자	視聴者
1406	시합	試合
1407	시험공부	試験勉強
1408	식	式、やり方、方法
1409	식구	家族
1410	식료품	食料品
1411	식물	植物
1412	식물원	植物園
1413	식비	食費
1414	식생활	食生活
1415	식습관	食習慣
1416	식욕	食欲
1417	식용유	食用油
1418	식초	酢
1419	식품	食品
1420	식후	食後
1421	신고	通報
1422	신기다	履かせる
1423	신기술	新技術
1424	신기하다	不思議だ、珍しい
1425	신나다	浮かれる、興がのる
1426	신도시	新都市
1427	신랑	新郎
1428	신랑감	新郎候補
1429	신문사	新聞社
1430	신문지	新聞紙
1431	신부	神父、新婦
1432	신분증	身分証明書
1433	신상품	新商品
1434	신선하다	新鮮だ
1435	신세대	新世代
1436	신용	信用
1437	신입생	新入生
1438	신제품	新製品
1439	신청자	申請者
1440	신체	身体、体
1441	신형	新型
1442	신호	信号
1443	신혼	新婚
1444	신혼부부	新婚夫婦
1445	신혼여행	新婚旅行
1446	싣다	乗せる、積む
1447	실	糸
1448	실내	室内
1449	실력	実力
1450	실망	失望
1451	실시	実施
1452	실용적	実用的
1453	실은	実は
1454	실제	実際
1455	실제로	実際に
1456	실종	失踪
1457	실종자	失踪者、行方不明者
1458	실천	実践
1459	실컷	思う存分、飽きるほど
1460	실크	シルク
1461	실패	失敗
1462	실험	実験
1463	실험실	実験室
1464	싫증	飽き
1465	심각하다	深刻だ
1466	심다	植える
1467	심리학	心理学
1468	심리학자	心理学者
1469	심부름	お使い
1470	심심하다	退屈だ
1471	심장	心臓
1472	심장병	心臓病
1473	싱싱하다	みずみずしい、生き生きしている
1474	싱크대	シンク台
1475	싸구려	安物
1476	싸움	喧嘩
1477	쌀쌀하다	肌寒い
1478	쌍둥이	双子
1479	쌓다	積む、築く
1480	쏘다	射る、撃つ
1481	쏟다	こぼす
1482	쏟아지다	降り注ぐ、こぼれる、あふれる
1483	쑥스럽다	照れくさい
1484	쓰러지다	倒れる、床につく、滅びる
1485	쓰레기통	ごみ箱
1486	쓸데없다	無用だ、使い道がない
1487	쓸데없이	やたら
1488	쓸쓸하다	わびしい
1489	씌우다	かぶせる、覆う
1490	씨름	シルム（朝鮮の相撲）
1491	씩씩하다	りりしい、たくましい
1492	아깝다	もったいない、惜しい
1493	아끼다	節約する、惜しむ
1494	아나운서	アナウンサー
1495	아니	いや
1496	아동	児童
1497	아랫사람	目下の人
1498	아르바이트	アルバイト
1499	아리랑	アリラン
1500	아무것	何
1501	아무래도	どうにも、いずれにしても
1502	아무런	いかなる、何の
1503	아무리	いくら（～しても）
1504	아무튼	とにかく
1505	아쉬움	心残り
1506	아쉽다	物足りない、心残りだ、望ましい
1507	아이디	ユーザー名、ID
1508	아이디어	アイデア
1509	아침저녁	朝晩
1510	아픔	痛み
1511	악몽	悪夢
1512	악수	握手
1513	안개	霧
1514	안과	眼科
1515	안내문	案内文
1516	안내서	案内書
1517	안내소	案内所
1518	안되다	うまく行かない
1519	안방	居間
1520	안부	安否
1521	안색	顔色
1522	안심	安心
1523	안약	目薬
1524	안전선	安全線
1525	안주	おつまみ
1526	안쪽	内側、奥
1527	안타깝다	気の毒だ、ふびんだ、もどかしい
1528	앉히다	座らせる
1529	알	卵、玉
1530	알레르기	アレルギー
1531	알아듣다	理解する
1532	알아보다	調べる、探る、見分ける、認める
1533	알아주다	認める
1534	알약	錠剤
1535	알코올	アルコール
1536	암	がん
1537	앞날	将来
1538	앞두다	控える、前にする
1539	앞뒤	前後
1540	앞머리	前髪
1541	애기	赤ちゃん
1542	애완견	愛犬、ペットの犬
1543	애완동물	ペット
1544	애인	恋人
1545	애정	愛情
1546	애프터서비스	アフターサービス
1547	액자	額縁
1548	앨범	アルバム
1549	야간	夜間
1550	야경	夜景
1551	야근	残業、夜勤
1552	야단맞다	叱られる
1553	야단치다	叱りつける
1554	야외	野外
1555	야유회	ピクニック
1556	약하다	弱い
1557	약혼	婚約
1558	약혼자	婚約者、フィアンセ
1559	얌전하다	おとなしい
1560	양념	薬味だれ
1561	양로원	老人ホーム
1562	양반	ヤンバン(朝鮮時代の官僚)
1563	양보	譲歩
1564	양쪽	両方
1565	얘	この子
1566	어기다	破る、違反する
1567	어느새	いつのまにか
1568	어떠하다	どういうふうだ
1569	어떡하다	どうする
1570	어려움	困難
1571	어린아이	子供
1572	어린이날	子供の日
1573	어버이날	父母の日
1574	어색하다	ぎこちない
1575	어쨌든	とにかく、いずれにせよ
1576	어쩌다가	偶然に、ときどき
1577	어쩌면	どうすれば、どうして
1578	어쩐지	なんか、やっぱり
1579	어차피	どうせ、どっちみち、結局
1580	어학	語学
1581	어학연수	語学研修
1582	어휘	語彙
1583	억	億
1584	억양	アクセント
1585	억지로	無理やり
1586	언론	言論
1587	언론인	ジャーナリスト
1588	언어	言語
1589	언젠가	いつか
1590	얻다	得る
1591	얻어먹다	おごってもらう
1592	얼다	凍る
1593	얼룩	染み、汚れ
1594	얼른	早く、すぐ、すばやく
1595	엄격하다	厳しい、厳格だ
1596	엄청나다	途方もない、とんでもない
1597	업무	業務
1598	없애다	なくす、処分する
1599	엉덩이	お尻
1600	엉뚱하다	とんでもない、突拍子もない
1601	엉망	めちゃくちゃ
1602	엊그제	一昨日
1603	에너지	エネルギー
1604	에이즈	エイズ
1605	엔진	エンジン
1606	엠티	メンバーシップトレーニング
1607	여가	余暇
1608	여고생	女子高生
1609	여관	旅館
1610	여드름	ニキビ
1611	여럿	多数
1612	여름날	夏の日
1613	여성	女性
1614	여성복	女性服
1615	여유	余裕
1616	여전히	依然として、相変わらず
1617	여쭈다	（目上の人に）申し上げる、伺う
1618	여행비	旅費
1619	여행자	旅行者
1620	여행지	旅行先
1621	역사적	歴史的
1622	역시	やはり、やっぱり
1623	역할	役割
1624	연결	連結
1625	연구	研究
1626	연구소	研究所
1627	연구실	研究室
1628	연극	演劇
1629	연기	延期、演技
1630	연도	年度
1631	연락	連絡
1632	연말	年末
1633	연말연시	年末年始
1634	연상	年上
1635	연속	連続
1636	연속극	連続ドラマ
1637	연수	研修
1638	연애	恋愛
1639	연애결혼	恋愛結婚
1640	연인	恋人
1641	연장	延長
1642	연주	演奏
1643	연주회	コンサート
1644	연하	年下
1645	연하다	軟らかい、薄い
1646	연회비	年会費
1647	열대야	熱帯夜
1648	열람실	閲覧室
1649	열흘	十日
1650	염색	カラーリング、髪を染めること
1651	엿	飴
1652	영수증	領収書
1653	영양	栄養
1654	영양가	栄養価
1655	영양분	栄養分
1656	영양소	栄養素
1657	영양제	栄養剤
1658	영업	営業
1659	영업부	営業部
1660	영역	エリア
1661	영원히	永遠に
1662	영향	影響
1663	영화감독	映画監督
1664	영화제	映画祭
1665	옆집	隣の家
1666	예금	預金
1667	예매	前売り、事前購入、予約
1668	예방	予防
1669	예보	予報
1670	예상	予想
1671	예술	芸術
1672	예습	予習
1673	예식장	結婚式場
1674	예의	礼儀
1675	예전	昔、ずっと前
1676	예절	礼節、行儀
1677	예정	予定
1678	예측	予測
1679	옛	昔
1680	옛말	古語、昔話
1681	오가다	行き来する
1682	오늘날	今日
1683	오락	娯楽
1684	오래되다	古い、久しい、長い時間が経つ
1685	오랜	長い間
1686	오르내리다	上がり下がりする
1687	오른손	右手
1688	오리엔테이션	オリエンテーション
1689	오염	汚染
1690	오토바이	バイク
1691	오페라	オペラ
1692	오피스텔	オフィステル
1693	오해	誤解
1694	오히려	むしろ
1695	온	全～、すべての
1696	온갖	いろいろな種類の
1697	온도	温度
1698	온돌	オンドル（暖房装置）
1699	온돌방	オンドル部屋
1700	온라인	オンライン
1701	온몸	全身
1702	온천	温泉
1703	온천욕	温泉浴
1704	온통	すべて、全部
1705	올리다	上げる、載せる
1706	올림픽	オリンピック
1707	올바르다	正しい
1708	옳다	正しい
1709	옷차림	身なり
1710	와인	ワイン
1711	완성	完成
1712	완전히	完全に
1713	왕	王
1714	왕복	往復
1715	왕비	王妃
1716	왠지	なぜだか
1717	외가	母方
1718	외과	外科
1719	외교관	外交官
1720	외동딸	一人娘
1721	외동아들	一人息子
1722	외래어	外来語
1723	외로움	孤独
1724	외모	外見
1725	외식	外食
1726	외아들	一人息子
1727	외우다	覚える
1728	외치다	叫ぶ、わめく
1729	요가	ヨガ
1730	요구	要求
1731	요구르트	ヨーグルト
1732	요리법	レシピ
1733	요리사	シェフ
1734	요새	近頃、最近
1735	요약	要約
1736	요청	要請
1737	욕	悪口
1738	욕실	風呂場
1739	욕심	欲
1740	욕심쟁이	欲ばり
1741	용	竜
1742	용기	勇気
1743	용돈	小遣い
1744	용서	容赦、許すこと
1745	우등상	優等賞
1746	우리말	韓国語
1747	우물	井戸
1748	우수성	優秀性
1749	우승	優勝
1750	우아하다	優雅だ
1751	우연	偶然
1752	우연히	偶然に
1753	우울증	うつ病
1754	우울하다	憂うつだ
1755	우정	友情
1756	우주	宇宙
1757	우주여행	宇宙旅行
1758	우편	郵便
1759	우편물	郵便物
1760	우편배달	郵便配達
1761	운	運
1762	운명	運命
1763	운전기사	運転手
1764	운전면허	運転免許証
1765	운전자	ドライバー
1766	울보	泣き虫
1767	울음	泣くこと
1768	웃어른	目上の人
1769	웃음	笑い
1770	워낙	あまりにも、何しろ
1771	원고	原稿
1772	원래	元 々
1773	원룸	ワンルーム
1774	원리	原理
1775	원서	願書
1776	원숭이	サル
1777	원인	原因
1778	월말	月末
1779	웨딩드레스	ウェディングドレス
1780	위대하다	偉大だ
1781	위로	慰労
1782	위반	違反
1783	윗사람	目上の人
1784	유난히	ひときわ、際立って、とりわけ
1785	유니폼	ユニフォーム
1786	유람선	遊覧船
1787	유료	有料
1788	유리창	窓ガラス
1789	유머	ユーモア
1790	유명	有名
1791	유적지	遺跡地
1792	유창하다	流暢だ
1793	유치원	幼稚園
1794	유쾌하다	愉快だ
1795	유행어	流行語
1796	육식	肉食
1797	육아	育児
1798	윷놀이	韓国のすごろく
1799	은	銀
1800	은혜	恩恵、恵み
1801	음력	陰暦
1802	음료	飲料、飲み物
1803	음성	音声
1804	음식물	食べ物、飲食物
1805	음식점	レストラン、食堂
1806	음악회	音楽会
1807	음주	飲酒
1808	응급실	応急室
1809	응답	応答、回答
1810	응답자	回答者、応答者
1811	응시자	受験者
1812	응원	応援
1813	의견	意見
1814	의논	相談、議論
1815	의류	衣類
1816	의무	義務
1817	의문	疑問
1818	의사소통	意思疎通
1819	의상	衣装
1820	의식주	衣食住
1821	의심	疑心、疑い
1822	의외로	意外に
1823	의욕	意欲
1824	의의	意義
1825	의지	意志
1826	의하다	依る、基づく
1827	의학	医学
1828	의학적	医学的
1829	이것저것	あれこれ
1830	이국적	異国的
1831	이기다	勝つ
1832	이기적	利己的
1833	이끌다	引く、導く
1834	이내	すぐ
1835	이다	～だ、である
1836	이동	移動
1837	이따	のちほど
1838	이때	この時
1839	이러하다	こうだ
1840	이런저런	あれこれ
1841	이루다	成す、作り上げる
1842	이루어지다	構成される、形成される
1843	이름나다	有名になる
1844	이름표	ネームタグ
1845	이리	こちらへ
1846	이리저리	あっちこっち
1847	이마	額
1848	이만	これぐらいの、この程度の
1849	이만큼	これくらい
1850	이미	すでに
1851	이미지	画像、イメージ
1852	이민	移民
1853	이별	別れ
1854	이불	布団
1855	이비인후과	耳鼻咽喉科
1856	이삿짐	引っ越しの荷物
1857	이상형	好きなタイプ、理想のタイプ、理想の人
1858	이성	理性
1859	이어지다	相次ぐ、続く、繋がる
1860	이어폰	イヤホン
1861	이외	以外
1862	이용료	利用料
1863	이용자	利用者
1864	이웃	隣、隣の家
1865	이웃집	お隣
1866	이익	利益
1867	이자	利子
1868	이전	以前
1869	이제야	今やっと
1870	이하	以下
1871	이해력	理解力
1872	이해심	思いやり
1873	이혼	離婚
1874	이후	以後
1875	익숙하다	よく知られている、慣れている
1876	익히다	煮る、身につける、習う
1877	인간	人間
1878	인간관계	人間関係
1879	인간성	人間性
1880	인간적	人間的
1881	인류	人類
1882	인사말	ご挨拶
1883	인상적	印象的
1884	인생	人生
1885	인쇄	印刷
1886	인쇄물	印刷物
1887	인스턴트	インスタント
1888	인원	人員
1889	인정받다	認定されている、認められる
1890	인출기	ATM
1891	인턴사원	インターン
1892	인하다	基づく、原因による
1893	일기장	日記帳
1894	일단	まず、一旦
1895	일등	一等
1896	일반	一般
1897	일반인	一般人
1898	일반적	一般的
1899	일부	一部
1900	일부러	わざと、わざわざ
1901	일상	日常
1902	일상적	日常的
1903	일생	一生
1904	일시	一時
1905	일시불	一括払い
1906	일으키다	起こす、興す
1907	일자리	働き口、職場
1908	일정	日程
1909	일정하다	一定だ
1910	일출	日の出
1911	일회용품	使い捨て
1912	읽히다	読まれる
1913	임산부	妊婦
1914	임시	臨時
1915	임신	妊娠
1916	입금	入金
1917	입맛	食欲
1918	입술	唇
1919	입시	入試、入学試験
1920	입장	入場
1921	입장권	入場券
1922	입장료	入場料
1923	입학시험	入学試験
1924	입히다	着せる
1925	잇다	繋ぐ、結ぶ、続ける
1926	잎	葉
1927	자격	資格
1928	자격증	資格証
1929	자극적	刺激的
1930	자꾸	しきりに
1931	자녀	子女
1932	자동	自動
1933	자라다	成長する
1934	자랑	自慢
1935	자료실	アーカイブ、資料室
1936	자막	字幕
1937	자매	姉妹
1938	자살	自殺
1939	자세하다	詳しい、細かい
1940	자세히	詳しく
1941	자식	息子や娘、子息
1942	자신감	自信、自信感
1943	자연적	自然的
1944	자외선	紫外線
1945	자원	資源
1946	자음	子音
1947	자존심	自尊心、プライド
1948	자취	自炊
1949	자판기	自販機
1950	작가	作家
1951	작곡	作曲
1952	작문	作文
1953	작사	作詞
1954	작아지다	小さくなる
1955	작업	作業
1956	작품	作品
1957	잔돈	小銭
1958	잔디	芝生
1959	잔디밭	芝生
1960	잔뜩	いっぱい
1961	잔소리	小言
1962	잔액	残額
1963	잠그다	（鍵を）かける
1964	잠기다	掛かる、浸かる
1965	잠들다	眠る
1966	잠옷	パジャマ、寝間着
1967	잠자리	トンボ
1968	잡수다	召し上がる
1969	잡아먹다	捕って食べる
1970	잡채	チャプチェ
1971	잡히다	捕まる
1972	장가	男が結婚すること
1973	장가가다	(男性が)結婚する
1974	장기적	長期的
1975	장난	いたずら、わるふざけ
1976	장난감	おもちゃ
1977	장난꾸러기	いたずらっ子
1978	장남	長男
1979	장녀	長女
1980	장단점	長所と短所、一長一短、メリットとデメリット
1981	장래	将来
1982	장례식	葬式
1983	장례식장	葬儀場
1984	장바구니	買い物かご
1985	장사	商売
1986	장애	障害
1987	장애인	障害者
1988	장학	奨学
1989	장학금	奨学金
1990	재발급	再発給
1991	재산	財産
1992	재작년	一昨年
1993	재주	才能、素質
1994	재즈	ジャズ
1995	재테크	財テク
1996	재학	在学
1997	재해	災害
1998	재혼	再婚
1999	재활용	リサイクル
2000	재활용품	リサイクル用品
2001	쟤	あの子
2002	저금	貯金
2003	저금통	貯金箱
2004	저렴하다	安い
2005	저울	秤（はかり）
2006	저장	貯蔵、保存
2007	저절로	自然に、自ずと
2008	저축	貯蓄
2009	적극적	積極的
2010	적금	積み立て、積立預金
2011	적당하다	適当だ、丁度良い
2012	적당히	適当に
2013	적성	適正
2014	적어도	少なくとも
2015	적어지다	少なくなる
2016	적응	適応
2017	적절하다	適切だ
2018	전구	電球
2019	전국	全国
2020	전국적	全国的
2021	전기	電気
2022	전날	前の日
2023	전달	伝達
2024	전동차	電車
2025	전등	電灯
2026	전망	展望
2027	전문가	専門家
2028	전문적	専門的
2029	전문점	専門店
2030	전반전	前半戦
2031	전부	全部
2032	전산실	電算室
2033	전세	保証金制度
2034	전셋집	借家
2035	전시	展示
2036	전시회	展示会
2037	전원	電源
2038	전자	電子
2039	전자레인지	電子レンジ
2040	전쟁	戦争
2041	전철	地下鉄、電車
2042	전체	全体
2043	전체적	全体的
2044	전통	伝統
2045	전통문화	伝統文化
2046	전통적	伝統的
2047	전화벨	電話のベル
2048	절대로	絶対に
2049	절반	半分、折半
2050	절약	節約
2051	젊은이	若者
2052	젊음	若さ
2053	점잖다	礼儀正しい、温厚だ
2054	점점	だんだんと、徐々に
2055	점차	徐々に
2056	접다	折る、畳む
2057	접수	受付
2058	접하다	接する
2059	정	情
2060	정기적	定期的
2061	정답	正解
2062	정말로	本当に
2063	정보화	情報化
2064	정부	政府
2065	정상	正常
2066	정상적	正常的
2067	정성	誠意、真心
2068	정성껏	心をこめて
2069	정신	精神
2070	정신없다	忙しくて気が抜ける
2071	정신없이	我を忘れて、無我夢中で
2072	정신적	精神的
2073	정의	正義
2074	정장	フォーマル服、スーツ
2075	정전	停電
2076	정지	停止
2077	정직하다	正直だ
2078	정차	停車
2079	정체	正体
2080	정치	政治
2081	정치가	政治家
2082	정치인	政治家
2083	정치학	政治学
2084	정확하다	正確だ
2085	정확히	正確に
2086	젖다	浸る（ひたる）、ぬれる
2087	제공	提供
2088	제대로	きちんと、満足に
2089	제도	制度
2090	제때	適時、定時
2091	제발	どうか、頼むから
2092	제비	くじ、抽選、燕
2093	제사	法事、祭祀
2094	제시간	定時
2095	제안	提案
2096	제자	弟子
2097	제자리	もとの場所、自分の位置
2098	제작	製作
2099	제출	提出
2100	제품	製品
2101	제한	制限
2102	조개	貝
2103	조건	条件
2104	조교	助手
2105	조깅	ジョギング
2106	조르다	せがむ、締める
2107	조리	調理
2108	조리법	調理法
2109	조림	煮つけ、煮物
2110	조만간	遅かれ早かれ
2111	조명	照明
2112	조미료	調味料
2113	조상	先祖
2114	조심	用心すること
2115	조절	調節
2116	족발	豚足
2117	존경	尊敬
2118	졸다	居眠りする
2119	졸리다	眠い
2120	졸업식	卒業式
2121	졸음	眠気
2122	좀처럼	なかなか～しない
2123	좁히다	狭める
2124	종교	宗教
2125	종이컵	紙コップ
2126	종종	ときどき、しばしば
2127	종합	総合
2128	좌석	座席
2129	좌우	左右
2130	좌회전	左折
2131	주거	住居
2132	주고받다	やり取りする
2133	주년	～周年
2134	주름	しわ
2135	주먹	こぶし、げんこつ
2136	주문서	注文書
2137	주민	住民
2138	주방	厨房、キッチン
2139	주식회사	株式会社
2140	주어지다	与えられる
2141	주유소	ガソリンスタンド、給油所
2142	주의	注意
2143	주인공	主人公
2144	주장	主張
2145	주제	主題、テーマ
2146	주택	住宅
2147	주택가	住宅街
2148	죽음	死
2149	죽이다	殺す、かっこいい、すごい
2150	준비물	持ち物
2151	줄거리	ストーリー、あらすじ
2152	줄무늬	縞模様(しまもよう)
2153	줄어들다	減る
2154	줄이다	減らす、縮める
2155	줍다	拾う
2156	중간	中間
2157	중개소	仲介所
2158	중고	中古
2159	중고차	中古車
2160	중고품	中古品
2161	중급	中級
2162	중단	中断
2163	중부	中部
2164	중소기업	中小企業
2165	중심지	中心地
2166	중앙	中央
2167	중요성	重要性
2168	쥐	ネズミ
2169	즉	すなわち、つまり
2170	즐거움	楽しみ
2171	증가	増加
2172	증명서	証明書
2173	증상	症状
2174	지겹다	うんざりする、飽きる
2175	지구	地球
2176	지나가다	通り過ぎる
2177	지나치다	度が過ぎる
2178	지난해	去年
2179	지루하다	飽き飽きする
2180	지붕	屋根
2181	지식	知識
2182	지역	地域
2183	지옥	地獄
2184	지우다	なくす、消す、落とす
2185	지원	サポート
2186	지원자	支援者
2187	지위	地位
2188	지저분하다	汚らしい、散らかっている
2189	지점	地点、支店
2190	지진	地震
2191	지출	支出
2192	지치다	疲れる、くたびれる
2193	지켜보다	見守る、世話する
2194	지퍼	ファスナー
2195	지휘자	指揮者
2196	직선	直線
2197	직장인	会社員
2198	직접적	直接的
2199	직진	ストレート
2200	직후	直後
2201	진실	真実
2202	진심	真心、本気
2203	진짜	本当、マジ
2204	진찰	診察
2205	진통제	鎮痛剤
2206	진하다	濃い
2207	진학	進学
2208	진행	進行
2209	진행자	司会者
2210	질병	疾病
2211	질서	秩序
2212	질투	嫉妬
2213	질환	疾患
2214	짐승	獣
2215	집값	住宅価格
2216	집다	つかむ
2217	집들이	引っ越しパーティー
2218	집세	家賃
2219	집안	家柄
2220	집안일	家事
2221	집주인	大家
2222	집중	集中
2223	집중력	集中力
2224	짙다	濃い、深い
2225	짜증	イライラ
2226	짝	片方、ペア
2227	짝사랑	片思い
2228	짝수	偶数
2229	쫓기다	追われる
2230	쫓다	追う
2231	쫓아내다	追い出す
2232	쫓아다니다	追い回す
2233	쭉	ずらりと、ずっと
2234	찌다	（肉が）つく、太る
2235	찜질	チムジル、温療法
2236	찜통더위	蒸し暑さ
2237	찢다	破る、裂く
2238	찢어지다	破れる
2239	차라리	むしろ
2240	차례	順序、順番
2241	차분하다	物静かだ
2242	차이	差
2243	차이점	違い、異なる点、差異点
2244	착각	錯覚、勘違い
2245	찬물	おひや
2246	찬성	賛成
2247	참가	参加
2248	참고	参考
2249	참기름	ゴマ油
2250	참다	こらえる、我慢する
2251	참석	参席、参加
2252	참여	参与、立ち合い
2253	참치	マグロ
2254	찻집	お茶屋、喫茶店
2255	창	窓
2256	창피	恥
2257	찾아내다	探し出す
2258	찾아다니다	探し回る
2259	찾아보다	調べる、探してみる
2260	채널	チャンネル
2261	채식	菜食
2262	채식주의자	菜食主義者、ベジタリアン
2263	채용	採用
2264	채우다	補う
2265	채팅	チャット
2266	책임지다	責任を負う
2267	챙기다	取りまとめる、用意する
2268	처녀	処女
2269	처리	処理
2270	처방	処方
2271	처방전	処方箋
2272	천국	天国
2273	천사	天使
2274	천장	天井
2275	천재	天才、天災
2276	철학	哲学
2277	첫날	初日
2278	첫눈	初雪
2279	첫사랑	初恋
2280	첫인상	第一印象
2281	청구서	請求書
2282	청년	青年
2283	청소년	青少年
2284	청첩장	招待状
2285	청혼	プロポーズ
2286	체격	体格
2287	체온	体温
2288	체육	体育
2289	체육관	体育館
2290	체조	体操
2291	체중	体重
2292	체험	体験
2293	쳐다보다	見上げる、見つめる、眺める
2294	초급	初級
2295	초기	初期
2296	초대장	招待状
2297	초보자	初心者
2298	초청장	招待状
2299	총	銃
2300	총무과	総務課
2301	촬영장	撮影所
2302	촬영지	撮影地
2303	최근	最近
2304	최대	最大
2305	최선	最善
2306	최신	最新
2307	최저	最低
2308	최종	最終
2309	최초	最初
2310	최후	最後
2311	추가	追加
2312	추위	寒さ
2313	추천	推薦
2314	추천서	推薦状
2315	추첨	抽選
2316	추측	推測
2317	출국	出国
2318	출근길	出勤途中、出勤時
2319	출력	出力
2320	출산	出産
2321	출산율	出産率
2322	출생	出生
2323	출석	出席
2324	출신	出身
2325	출입	出入り
2326	출입국	出入国
2327	출퇴근	出勤と退社
2328	출판사	出版社
2329	충격	衝撃
2330	충고	忠告
2331	충돌	衝突
2332	충분하다	十分だ
2333	충분히	十分に
2334	취업	就職
2335	취업난	就職難
2336	취침	就寝
2337	취하다	酔う
2338	측	側
2339	치료제	治療薬
2340	치수	寸法
2341	치우다	片づける、掃除する
2342	치즈	チーズ
2343	친어머니	実母、実の母
2344	친환경	環境に優しい
2345	침	つば
2346	침실	寝室
2347	칭찬	称賛
2348	카네이션	カーネーション
2349	카세트	カセット
2350	카센터	カーセンター
2351	카페인	カフェイン
2352	카펫	カーペット
2353	칸	空欄、欄
2354	칼국수	カルグクス、韓国式うどん
2355	캄캄하다	真っ暗だ
2356	캠퍼스	キャンパス
2357	캠프	キャンプ
2358	커다랗다	非常に大きい
2359	커지다	大きくなる
2360	커튼	カーテン
2361	커플	カップル
2362	컴퓨터실	コンピューター室
2363	켜지다	（火・電灯が）つく
2364	코끼리	象
2365	코너	コーナー
2366	코미디	コメディー
2367	코미디언	コメディアン
2368	콘서트	コンサート
2369	콘센트	コンセント
2370	콩나물	豆もやし
2371	퀴즈	クイズ
2372	큰길	大通り
2373	큰돈	大金
2374	큰소리	大きな声、大声
2375	큰일	大ごと、重大なこと、大事
2376	클래식	クラシック
2377	클릭	クリック
2378	키우다	大きくする、育てる
2379	타입	タイプ
2380	탈	事故、故障、仮面
2381	탈의실	脱衣室、試着室
2382	탈춤	仮面舞踊、タルチュム
2383	탑승구	搭乗口
2384	탕	スープ、汁
2385	태도	態度
2386	태양	太陽
2387	태양열	太陽熱
2388	태우다	焼く、燃やす
2389	택배	宅配、宅配便
2390	택배비	宅配費
2391	터지다	突然起こる、裂ける、ドッと出る
2392	털다	はたく
2393	테이프	テープ
2394	텐트	テント
2395	토끼	ウサギ
2396	토론	討論
2397	토하다	吐く
2398	통계	統計
2399	통신	通信
2400	통역	通訳
2401	통일	統一
2402	통증	痛み
2403	통지서	通知書
2404	통화	通話
2405	퇴근길	仕事帰り
2406	퇴원	退院
2407	퇴직	退職
2408	투표	投票
2409	튀기다	揚げる、はじく、跳ね飛ばす
2410	트럭	トラック、貨物自動車
2411	특기	特技
2412	특별	特別
2413	특별하다	特別だ
2414	특산물	特産物
2415	튼튼하다	丈夫だ、頑丈だ
2416	틀림없다	間違いない、決まってる、確かだ
2417	틀림없이	間違いなく
2418	틈	隙、暇
2419	티켓	チケット
2420	팀장	チーム長
2421	파다	掘る、彫る、掘り下げる、えぐる
2422	파마	パーマ
2423	파일	ファイル
2424	파전	チヂミ
2425	판매	販売
2426	판매자	販売者
2427	팥빙수	パッピンス(韓国風かき氷)
2428	패션쇼	ファッションショー
2429	패스트푸드	ファーストフード
2430	팩스	ファックス
2431	팬	ファン
2432	퍼지다	広がる、行き渡る
2433	편리	便利
2434	편식	偏食
2435	편안하다	楽だ
2436	편의점	コンビニ、便宜店
2437	편히	楽に
2438	펼치다	広げる
2439	평가	評価
2440	평균	平均
2441	평등	平等
2442	평범하다	平凡だ
2443	평생	一生
2444	평소	普段、日頃
2445	평화	平和
2446	포근하다	暖かい、穏やかだ
2447	포기	放棄
2448	포도주	ワイン、葡萄酒
2449	포인트	ポイント
2450	포장지	包装紙
2451	폭발	爆発
2452	폭설	どか雪、爆雪
2453	폭식	暴食、やけ食い
2454	폭우	暴雨、豪雨
2455	폭포	滝
2456	표시	標示
2457	표정	表情
2458	표지판	表示板
2459	푸르다	青い
2460	풀리다	解ける、ほぐれる、和らぐ
2461	풀이	解釈
2462	품질	品質
2463	풍경	風景
2464	풍부하다	豊富だ、豊かだ
2465	풍선	風船
2466	프라이팬	フライパン
2467	프로그래머	プログラマー
2468	프린터	プリンター
2469	플라스틱	プラスティック
2470	플러그	プラグ
2471	피로	疲労
2472	피부	皮膚、肌
2473	피부과	皮膚科
2474	피부병	皮膚病
2475	피서	避暑
2476	피아니스트	ピアニスト
2477	피하다	避ける
2478	피해	被害
2479	피해자	被害者
2480	필수	必須
2481	필수품	必需品
2482	필요성	必要性
2483	핑계	言い訳
2484	하도	あまりにも
2485	하루빨리	一日でも早く
2486	하루하루	一日一日
2487	하룻밤	一晩
2488	하마터면	危うく
2489	하품	あくび
2490	학과	学科
2491	학력	学歴
2492	학문	学問
2493	학비	学費
2494	학습	学習
2495	학자	学者
2496	학점	単位
2497	한가하다	暇だ
2498	한국학	韓国学
2499	한글날	ハングルの日
2500	한꺼번에	一度に、一緒に
2501	한낮	真昼
2502	한눈	脇目
2503	한동안	一時、しばらく
2504	한두	一・二
2505	한마디	一言
2506	한순간	一瞬
2507	한숨	一息、一休み、溜息
2508	한약	漢方薬、韓方薬
2509	한옥	韓屋(伝統的な朝鮮の建築様式を使用した家屋)
2510	한우	韓牛、韓国の牛
2511	한의사	漢方医
2512	한정식	韓定食
2513	한지	伝統韓紙
2514	한참	しばらく、はるかに
2515	한창	とても、さかんに
2516	한편	一方
2517	할부	分割払い
2518	할인점	ディスカウントストア
2519	함부로	むやみに、やたらに
2520	합격자	合格者
2521	합치다	合わせる
2522	합하다	足す
2523	항공	航空
2524	항공권	航空券
2525	항공기	航空機
2526	항공료	航空料
2527	항공사	航空会社
2528	항공편	航空便
2529	해결	解決
2530	해결책	解決策
2531	해고	解雇
2532	해내다	やりとげる
2533	해돋이	日の出
2534	해롭다	有害である、害になる
2535	해마다	毎年
2536	해물	海産物
2537	해보다	やってみる
2538	해산물	海産物
2539	해소	解消
2540	해소법	解消法
2541	해수욕	海水浴
2542	해수욕장	海水浴場
2543	해열제	解熱剤
2544	핸드백	ハンドバック
2545	햇곡식	新穀
2546	햇볕	日差し、日光
2547	행동	行動
2548	행사장	催事場
2549	행운	幸運
2550	향	香、香り
2551	향기	香り
2552	향수	香水、郷愁
2553	향하다	向かう
2554	허락	許諾、許し
2555	허리띠	ベルト、腰巻
2556	험하다	険しい
2557	헤매다	さまよう、迷う
2558	헤어스타일	ヘアスタイル
2559	헤어지다	別れる、離れる
2560	헤엄치다	泳ぐ
2561	헬멧	ヘルメット
2562	헬스클럽	スポーツクラブ、ジム
2563	현관	玄関
2564	현관문	玄関ドア
2565	현대	現代
2566	현대식	現代式
2567	현대인	現代人
2568	현대적	現代的
2569	현모양처	良妻賢母
2570	현실	現実
2571	현실적	現実的
2572	현장	現場
2573	형용사	形容詞
2574	형태	形
2575	형편	状況、事情
2576	혜택	恵み、恩恵
2577	호감	好感
2578	호기심	好奇心
2579	호수	湖
2580	호칭	呼称
2581	혹시	もしかして、ひょっとして
2582	혹은	あるいは
2583	혼나다	怒られる
2584	혼내다	叱る、こらしめる
2585	혼잡	混雑
2586	홀수	奇数
2587	홍보	広報
2588	홍보물	広報物
2589	홍수	洪水
2590	화려하다	華麗だ、華やかだ
2591	화면	画面
2592	화물	貨物
2593	화분	植木鉢
2594	화산	火山
2595	화상	やけど
2596	화장지	トイレットペーパー
2597	화재	火災、火事
2598	화창하다	のどかだ
2599	화해	和解
2600	확실하다	確実だ
2601	환경	環境
2602	환기	換気
2603	환불	払い戻し
2604	환상적	幻想的
2605	환송회	歓送会
2606	환영회	歓迎会
2607	환율	為替レート
2608	환전	両替
2609	환절기	季節の変わり目
2610	활동	活動
2611	활동적	活動的
2612	활발하다	活発だ
2613	활용	活用
2614	활짝	ぱあっと、満開に
2615	황당하다	とてつもない、とんでもない
2616	황사	黄砂
2617	～회	～回
2618	회갑	還暦
2619	회복	回復
2620	회비	会費
2621	회식	会食、飲み会
2622	회원	会員
2623	회의장	会議場
2624	회장	会長
2625	횟수	回数
2626	효과	効果、効き目
2627	효과적	効果的
2628	효녀	孝行娘
2629	효율적	効率的
2630	후문	裏門
2631	후반	後半
2632	후반전	後半 戦
2633	후보	候補
2634	후식	デザート
2635	후회	後悔
2636	훈련	訓練
2637	훌륭하다	立派だ、すばらしい
2638	훔치다	盗む
2639	훨씬	ずっと、はるかに
2640	휘발유	ガソリン、揮発油
2641	휴가철	休暇の季節
2642	휴게실	休憩室
2643	휴대	携帯
2644	휴대폰	携帯電話
2645	휴식	休息
2646	휴양지	リゾート
2647	휴학	休学
2648	흐르다	流れる
2649	흔들다	振る、揺らす
2650	흔들리다	揺れる、そよぐ、ぐらつく
2651	흔하다	ありふれている
2652	흔히	よく、多く
2653	흘리다	流す、こぼす、紛失する
2654	흙	土
2655	흡연	喫煙
2656	흥미	興味
2657	흥분	興奮
2658	희다	白い
2659	희망	希望
2660	희망자	希望者
2661	희생자	犠牲者
2662	힘껏	力の限り、精一杯